name,price
zefkmholeufoufd,34.35
ryjzwuhnkigvjys,77.93
fyxprfbajnmxaic,36.81
gnojuwslnvwwirk,3.52
ctzjeudxnvjwxgi,27.48
jrsmuaqcrelxuhq,93.25
zunkflrtzjdwltq,8.41
njskddyaeavptfy,79.74
phbjczdluysgant,15.58
zmecnossqeipilq,41.12
zmsugartjbeezxn,63.2
zejmqfiwqkrwalm,52.81
cqwwzeaspqddatj,60.8
zqytemxhbtilhfm,82.45
lsnyltkdmuifrqu,23.29
bvozkoudceaitqu,51.84
snwaibuxqoajguc,60.36
pdajklgnztldfwf,41.7
sjpdvuwhhjvogmy,94.41
bqkmoragwvduyis,69.52
lrsbgywbkhfixrb,29.83
hoxkotiiqophzux,27.62
stkdbhynbdbavlx,65.97
ravbgycidfejdno,88.37
pbgpfokeirvmhrc,18.68
bftjuwlmrgxmgkw,79.77
pfvanthmmgpsiqv,17.22
muivcbyfkcjocws,77.44
ubtftmekxsyycax,96.69
azdecuxstbplynq,88.89
jtaoudjgkgqozso,36.07
xweavseeelusulc,63.08
kkxvnorbplbklsu,50.51
xeuovsunhspsywk,26.75
nksfkvtahmbdyaj,18.82
bumdhwomunctnue,58.74
awjxxuzbjabbhgk,81.06
tfxsrbgxkwhcouo,36.2
lmvpuzaxwvnzfff,10.03
hghywtibjxxdjvf,43.92
qpudcutizaubzfi,73.26
uesliqlkujgcpgq,85.62
uipquxmwylaclwq,79.08
slupvbrtmduefeg,5.31
tdjyrphktvpuyjw,70.79
gqqjohuwfdgzvue,26.53
lelywrjhzshafek,51.54
efzpfbripnuamxv,92.74
gznvzbjexkveegu,9.22
bexonndzpuupyfu,76.39
wyesgpuogutrnuq,29.95
pdgcfkolnamifmt,60.84
lycztkutscnryjd,47.27
lgsliriardprpjp,26.99
zsdufupgygdpccd,8.64
uscxqnbakpeylhx,54.13
bqfcwbgkluqgpwh,30.66
mezjbcutfdnbedq,25.97
lxhgcpjezoaarcj,14.58
hxkthywucyfnonn,19.75
lriwsfwxdxcoiej,21.16
lijwrswexmqtsmw,79.59
rugueqpuswmtdey,63.07
svdbjrpkrlbgvds,19.64
adwjdmewhthhdml,24.91
uzvsvzcqslfdehw,75.63
uywmdmqautshecr,80.52
lsfyokpzhslgpju,53.38
szqlegargozlyim,53.14
ircchrfkrazhacu,50.71
fspwohqsdaymxzi,81.54
torezuvocgesnea,16.6
hzsoqsrwcqmbahx,67.07
kzxmfunyjwjjyur,30.62
rvlgaabwrxicpmb,58.03
ozjhtnnkzwjglmv,20.43
ywvynwnznhgdqjj,83.6
taxoeaxmrmykibr,33.05
hyfbmyuqvtqtrsf,76.51
vdtsixarkryfubt,60.37
ewlgoyfyjzwjhfn,99.8
pjojtdyzmxnvfpq,7.04
nicdfcabkcphbuf,87.96
xnxuknuufyxnjzl,89.06
bhrrddkpfjzdato,68.22
spnoyuvjknnkgdd,6.78
ekjsgogawvxtqag,5.58
lglkjcpmdummebd,23.66
mrbsakgunguaqvl,43.5
djodpdjsfqocvev,25.78
pipuufeziwercdi,21.99
npxumfynxftxdobhelng,21.99
Premium Quality,21.99
Premium Quality,21.99
Premium Quality,21.99
Premium Quality,21.99
Premium Quality,21.99
WordPress Pennant,11.05
T-Shirt with Logo,18
Beanie with Logo,18
Logo Collection,18
Single,2
foobar1,45
Long Sleeve Tee,25
Polo,20
Album,15
Belt,55
Cap,16
Sunglasses,90
Hoodie with Pocket,35
Hoodie,42
Hoodie with Logo,45
T-Shirt,18
Beanie,18
V-Neck T-Shirt,15
